Iterations,Scores
0,25
1,25
2,25
3,25
4,25
5,25
6,25
7,25
8,25
9,25
10,23
11,23
12,23
13,23
14,23
15,23
16,23
17,23
18,23
19,23
20,24
21,24
22,32
23,32
24,32
25,32
26,27
27,27
28,27
29,27
30,27
31,27
32,27
33,27
34,27
35,27
36,27
37,27
38,27
39,27
40,27
41,27
42,27
43,27
44,27
45,27
46,27
47,27
48,27
49,27
50,27
51,27
52,27
53,27
54,27
55,27
56,27
57,27
58,27
59,27
60,27
61,27
62,27
63,27
64,27
65,27
66,27
67,32
68,32
69,32
70,32
71,32
72,32
73,32
74,32
75,32
76,32
77,32
78,32
79,32
80,32
81,32
82,32
83,32
84,32
85,32
86,32
87,32
88,32
89,32
90,32
91,32
92,62
93,62
94,62
95,62
96,62
97,62
98,62
99,62
100,62
101,62
102,62
103,62
104,62
105,62
106,62
107,62
108,62
109,62
110,62
111,62
112,62
113,52
114,45
115,45
116,45
117,76
118,76
119,76
120,76
121,76
122,76
123,76
124,76
125,76
126,76
127,76
128,76
129,76
130,76
131,76
132,76
133,95
134,95
135,95
136,95
137,95
138,95
139,95
140,69
141,69
142,69
143,69
144,69
145,69
146,69
147,69
148,69
149,69
150,69
151,69
152,69
153,69
154,69
155,74
156,74
157,74
158,74
159,74
160,74
161,74
162,74
163,74
164,74
165,74
166,74
167,74
168,67
169,67
170,67
171,67
172,67
173,67
174,67
175,67
176,67
177,67
178,67
179,101
180,101
181,101
182,101
183,106
184,106
185,106
186,106
187,106
188,106
189,106
190,106
191,106
192,106
193,106
194,107
195,107
196,107
197,107
198,107
199,107
200,107
201,107
202,107
203,107
204,107
205,112
206,112
207,112
208,110
209,110
210,110
211,110
212,110
213,110
214,110
215,110
216,161
217,161
218,161
219,161
220,161
221,161
222,161
223,161
224,161
225,161
226,161
227,161
228,161
229,161
230,161
231,163
232,163
233,163
234,163
235,163
236,163
237,206
238,206
239,206
240,206
241,206
242,223
243,222
244,222
245,222
246,222
247,224
248,224
249,224
250,224
251,224
252,224
253,224
254,224
255,224
256,224
257,224
258,224
259,224
260,224
261,226
262,273
263,273
264,273
265,273
266,273
267,273
268,273
269,273
270,273
271,273
272,273
273,273
274,274
275,274
276,274
277,274
278,274
279,274
280,274
281,274
282,274
283,274
284,274
285,274
286,296
287,296
288,296
289,296
290,296
291,296
292,296
293,296
294,305
295,305
296,305
297,305
298,305
299,305
300,305
301,305
302,305
303,305
304,305
305,305
306,305
307,309
308,309
309,309
310,309
311,309
312,309
313,309
314,309
315,311
316,311
317,311
318,311
319,311
320,311
321,311
322,311
323,311
324,311
325,311
326,311
327,311
328,311
329,311
330,311
331,311
332,311
333,311
334,311
335,311
336,315
337,315
338,315
339,315
340,336
341,336
342,336
343,336
344,338
345,351
346,351
347,351
348,351
349,351
350,351
351,351
352,351
353,351
354,351
355,351
356,351
357,351
358,351
359,361
360,361
361,361
362,361
363,361
364,361
365,361
366,361
367,361
368,361
369,361
370,368
371,368
372,368
373,368
374,368
375,368
376,368
377,368
378,368
379,368
380,368
381,368
382,368
383,368
384,368
385,368
386,368
387,368
388,368
389,368
390,368
391,368
392,368
393,368
394,368
395,368
396,368
397,408
398,408
399,410
400,410
401,410
402,410
403,410
404,410
405,410
406,410
407,410
408,410
409,410
410,410
411,410
412,410
413,410
414,410
415,410
416,410
417,410
418,410
419,410
420,410
421,429
422,429
423,429
424,429
425,429
426,429
427,429
428,429
429,429
430,429
431,429
432,429
433,429
434,429
435,429
436,429
437,429
438,429
439,429
440,429
441,429
442,429
443,429
444,429
445,429
446,429
447,429
448,429
449,429
450,429
451,429
452,429
453,463
454,463
455,463
456,463
457,463
458,463
459,463
460,463
461,463
462,463
463,463
464,463
465,463
466,463
467,463
468,463
469,463
470,463
471,463
472,463
473,463
474,463
475,490
476,490
477,502
478,502
479,502
480,528
481,528
482,528
483,528
484,528
485,528
486,528
487,528
488,528
489,528
490,528
491,528
492,528
493,528
494,528
495,528
496,528
497,534
498,534
499,534
500,534
501,534
502,534
503,534
504,534
505,534
506,534
507,534
508,534
509,534
510,534
511,534
512,534
513,534
514,534
515,534
516,534
517,534
518,534
519,534
520,534
521,534
522,534
523,534
524,534
525,534
526,534
527,534
528,534
529,534
530,534
531,534
532,534
533,534
534,534
535,534
536,534
537,534
538,534
539,534
540,534
541,534
542,534
543,534
544,534
545,534
546,534
547,534
548,534
549,534
550,534
551,534
552,534
553,534
554,534
555,534
556,534
557,534
558,534
559,534
560,534
561,534
562,534
563,534
564,534
565,534
566,534
567,534
568,534
569,534
570,534
571,534
572,534
573,534
574,534
575,534
576,534
577,534
578,534
579,534
580,534
581,534
582,534
583,534
584,534
585,534
586,534
587,534
588,534
589,534
590,534
591,534
592,534
593,534
594,534
595,539
596,539
597,539
598,539
599,539
600,539
601,539
602,539
603,539
604,539
605,539
606,539
607,539
608,539
609,539
610,539
611,539
612,539
613,539
614,539
615,547
616,547
617,547
618,547
619,547
620,547
621,547
622,547
623,547
624,547
625,547
626,547
627,547
628,547
629,547
630,547
631,547
632,547
633,547
634,547
635,547
636,547
637,547
638,547
639,547
640,547
641,547
642,547
643,547
644,547
645,547
646,547
647,547
648,547
649,547
650,547
651,547
652,547
653,547
654,547
655,547
656,547
657,547
658,547
659,547
660,547
661,548
662,548
663,548
664,548
665,548
666,548
667,548
668,548
669,548
670,548
671,548
672,548
673,548
674,548
675,548
676,548
677,548
678,548
679,548
680,548
681,548
682,548
683,548
684,548
685,548
686,548
687,548
688,548
689,548
690,548
691,548
692,548
693,548
694,548
695,548
696,548
697,548
698,548
699,548
700,551
701,551
702,551
703,551
704,551
705,551
706,551
707,551
708,551
709,551
710,551
711,551
712,551
713,551
714,551
715,553
716,553
717,553
718,553
719,553
720,553
721,553
722,553
723,553
724,553
725,553
726,553
727,553
728,553
729,553
730,553
731,553
732,553
733,553
734,556
735,556
736,556
737,556
738,556
739,556
740,556
741,558
742,558
743,558
744,558
745,558
746,558
747,558
748,558
749,558
750,558
751,558
752,558
753,558
754,558
755,558
756,558
757,558
758,558
759,558
760,558
761,558
762,558
763,558
764,558
765,558
766,558
767,558
768,558
769,561
770,561
771,561
772,561
773,561
774,561
775,561
776,561
777,561
778,561
779,561
780,561
781,561
782,561
783,561
784,561
785,561
786,561
787,561
788,563
789,563
790,563
791,563
792,563
793,563
794,570
795,570
796,570
797,570
798,570
799,570
800,570
801,574
802,574
803,574
804,574
805,574
806,574
807,574
808,574
809,574
810,574
811,574
812,574
813,574
814,574
815,574
816,574
817,574
818,574
819,574
820,574
821,574
822,574
823,574
824,574
825,574
826,574
827,574
828,574
829,574
830,582
831,582
832,582
833,582
834,582
835,582
836,582
837,582
838,582
839,582
840,582
841,582
842,582
843,582
844,582
845,582
846,582
847,582
848,582
849,582
850,582
851,582
852,622
853,622
854,622
855,636
856,636
857,654
858,654
859,654
860,656
861,656
862,656
863,656
864,656
865,656
866,656
867,656
868,656
869,656
870,656
871,656
872,656
873,656
874,656
875,656
876,656
877,656
878,656
879,656
880,656
881,656
882,656
883,656
884,656
885,656
886,656
887,656
888,656
889,658
890,658
891,664
892,664
893,664
894,664
895,664
896,664
897,664
898,664
899,664
900,664
901,664
902,664
903,664
904,664
905,664
906,664
907,664
908,664
909,664
910,664
911,664
912,664
913,664
914,664
915,664
916,664
917,664
918,664
919,664
920,664
921,664
922,664
923,664
924,664
925,664
926,664
927,664
928,664
929,664
930,664
931,664
932,664
933,664
934,664
935,664
936,664
937,664
938,664
939,664
940,664
941,664
942,664
943,664
944,664
945,664
946,664
947,664
948,664
949,664
950,664
951,664
952,664
953,664
954,664
955,664
956,664
957,664
958,664
959,664
960,664
961,664
962,664
963,664
964,664
965,664
966,664
967,664
968,664
969,664
970,664
971,664
972,664
973,664
974,664
975,664
976,664
977,664
978,664
979,664
980,669
981,669
982,671
983,677
984,677
985,677
986,677
987,677
988,677
989,677
990,677
991,677
992,677
993,677
994,677
995,677
996,677
997,677
998,677
999,677
1000,677
1001,677
1002,677
1003,677
1004,677
1005,677
1006,677
1007,677
1008,677
1009,677
1010,677
1011,677
1012,677
1013,679
1014,679
1015,679
1016,679
1017,679
1018,679
1019,679
1020,679
1021,679
1022,679
1023,679
1024,679
1025,679
1026,679
1027,679
1028,679
1029,679
1030,679
1031,679
1032,684
1033,684
1034,684
1035,684
1036,684
1037,684
1038,684
1039,684
1040,684
1041,684
1042,684
1043,684
1044,684
1045,684
1046,684
1047,694
1048,694
1049,694
1050,694
1051,694
1052,694
1053,694
1054,694
1055,694
1056,694
1057,694
1058,694
1059,694
1060,694
1061,694
1062,694
1063,694
1064,694
1065,694
1066,694
1067,694
1068,694
1069,694
1070,694
1071,694
1072,694
1073,694
1074,694
1075,694
1076,694
1077,694
1078,694
1079,694
1080,694
1081,694
1082,694
1083,703
1084,703
1085,703
1086,703
1087,703
1088,703
1089,703
1090,703
1091,703
1092,703
1093,703
1094,703
1095,703
1096,703
1097,703
1098,703
1099,703
1100,703
1101,703
1102,703
1103,703
1104,703
1105,703
1106,703
1107,703
1108,703
1109,703
1110,706
1111,707
1112,707
1113,707
1114,707
1115,707
1116,707
1117,707
1118,707
1119,707
1120,707
1121,707
1122,707
1123,707
1124,707
1125,707
1126,707
1127,707
1128,707
1129,707
1130,707
1131,713
1132,713
1133,713
1134,713
1135,713
1136,713
1137,713
1138,728
1139,728
1140,728
1141,728
1142,728
1143,728
1144,728
1145,728
1146,728
1147,728
1148,728
1149,728
1150,728
1151,728
1152,730
1153,730
1154,730
1155,730
1156,730
1157,730
1158,730
1159,730
1160,730
1161,730
1162,730
1163,730
1164,730
1165,730
1166,730
1167,730
1168,730
1169,730
1170,730
1171,730
1172,730
1173,730
1174,730
1175,730
1176,730
1177,730
1178,730
1179,730
1180,730
1181,730
1182,730
1183,730
1184,730
1185,730
1186,730
1187,730
1188,730
1189,730
1190,730
1191,730
1192,730
1193,730
1194,730
1195,730
1196,730
1197,730
1198,730
1199,730
1200,730
1201,730
1202,730
1203,730
1204,732
1205,732
1206,732
1207,732
1208,732
1209,732
1210,732
1211,732
1212,732
1213,732
1214,732
1215,732
1216,732
1217,732
1218,732
1219,732
1220,732
1221,732
1222,732
1223,732
1224,732
1225,732
1226,732
1227,732
1228,732
1229,732
1230,732
1231,732
1232,732
1233,732
1234,734
1235,734
1236,734
1237,734
1238,734
1239,735
1240,735
1241,750
1242,750
1243,750
1244,750
1245,750
1246,750
1247,750
1248,750
1249,750
1250,750
1251,750
1252,750
1253,750
1254,750
1255,750
1256,750
1257,750
1258,750
1259,750
1260,750
1261,750
1262,750
1263,750
1264,751
1265,751
1266,751
1267,751
1268,753
1269,753
1270,753
1271,758
1272,758
1273,758
1274,758
1275,758
1276,758
1277,758
1278,758
1279,758
1280,758
1281,758
1282,758
1283,758
1284,765
1285,765
1286,765
1287,765
1288,765
1289,765
1290,765
1291,765
1292,765
1293,765
1294,765
1295,765
1296,765
1297,765
1298,765
1299,765
1300,765
1301,765
1302,765
1303,765
1304,765
1305,765
1306,765
1307,765
1308,765
1309,765
1310,765
1311,765
1312,765
1313,778
1314,778
1315,778
1316,778
1317,778
1318,778
1319,778
1320,778
1321,778
1322,778
1323,778
1324,778
1325,778
1326,778
1327,778
1328,778
1329,778
1330,778
1331,778
1332,778
1333,778
1334,778
1335,778
1336,778
1337,778
1338,778
1339,778
1340,778
1341,778
1342,778
1343,778
1344,778
1345,778
1346,778
1347,778
1348,778
1349,778
1350,778
1351,778
1352,778
1353,778
1354,778
1355,778
1356,778
1357,778
1358,778
1359,781
1360,781
1361,781
1362,781
1363,781
1364,797
1365,797
1366,797
1367,797
1368,797
1369,797
1370,797
1371,797
1372,801
1373,801
1374,801
1375,801
1376,801
1377,801
1378,801
1379,801
1380,801
1381,803
1382,803
1383,803
1384,803
1385,803
1386,803
1387,803
1388,803
1389,803
1390,803
1391,803
1392,803
1393,803
1394,803
1395,803
1396,803
1397,803
1398,803
1399,803
1400,803
1401,803
1402,803
1403,803
1404,803
1405,803
1406,803
1407,803
1408,803
1409,803
1410,803
1411,804
1412,804
1413,804
1414,804
1415,804
1416,804
1417,804
1418,804
1419,804
1420,804
1421,804
1422,804
1423,804
1424,804
1425,804
1426,804
1427,804
1428,804
1429,804
1430,804
1431,855
1432,855
1433,855
1434,855
1435,855
1436,855
1437,855
1438,855
1439,855
1440,855
1441,855
1442,863
1443,863
1444,863
1445,863
1446,870
1447,870
1448,870
1449,870
1450,870
1451,870
1452,870
1453,870
1454,870
1455,870
1456,870
1457,870
1458,870
1459,870
1460,870
1461,870
1462,870
1463,870
1464,870
1465,870
1466,870
1467,870
1468,870
1469,870
1470,870
1471,870
1472,870
1473,870
1474,870
1475,870
1476,870
1477,870
1478,870
1479,870
1480,870
1481,870
1482,870
1483,870
1484,870
1485,870
1486,870
1487,870
1488,870
1489,870
1490,870
1491,870
1492,870
1493,870
1494,870
1495,870
1496,870
1497,870
1498,870
1499,870
1500,870
1501,870
1502,870
1503,870
1504,870
1505,870
1506,870
1507,870
1508,870
1509,870
1510,870
1511,870
1512,870
1513,870
1514,870
1515,870
1516,870
1517,870
1518,870
1519,870
1520,870
1521,870
1522,870
1523,870
1524,870
1525,870
1526,870
1527,870
1528,870
1529,870
1530,870
1531,870
1532,870
1533,870
1534,870
1535,870
1536,870
1537,870
1538,870
1539,870
1540,870
1541,870
1542,870
1543,870
1544,870
1545,870
1546,870
1547,870
1548,870
1549,870
1550,879
1551,879
1552,879
1553,879
1554,879
1555,879
1556,879
1557,879
1558,879
1559,879
1560,879
1561,879
1562,879
1563,879
1564,879
1565,879
1566,879
1567,879
1568,879
1569,879
1570,879
1571,879
1572,879
1573,879
1574,880
1575,880
1576,880
1577,880
1578,880
1579,880
1580,880
1581,880
1582,880
1583,880
1584,880
1585,880
1586,880
1587,880
1588,880
1589,880
1590,880
1591,880
1592,880
1593,880
1594,880
1595,880
1596,880
1597,880
1598,880
1599,880
1600,880
1601,880
1602,880
1603,880
1604,880
1605,880
1606,880
1607,880
1608,880
1609,880
1610,880
1611,880
1612,880
1613,880
1614,880
1615,880
1616,880
1617,880
1618,880
1619,880
1620,880
1621,880
1622,880
1623,880
1624,880
1625,880
1626,880
1627,880
1628,880
1629,880
1630,880
1631,880
1632,880
1633,880
1634,880
1635,880
1636,880
1637,880
1638,880
1639,880
1640,880
1641,880
1642,880
1643,880
1644,880
1645,880
1646,880
1647,880
1648,880
1649,880
1650,880
1651,880
1652,880
1653,880
1654,880
1655,880
1656,880
1657,880
1658,880
1659,880
1660,880
1661,880
1662,880
1663,880
1664,880
1665,880
1666,880
1667,880
1668,880
1669,880
1670,880
1671,880
1672,880
1673,880
1674,880
1675,880
1676,885
1677,885
1678,885
1679,885
1680,885
1681,885
1682,885
1683,885
1684,885
1685,885
1686,885
1687,885
1688,885
1689,885
1690,885
1691,885
1692,885
1693,885
1694,885
1695,885
1696,890
1697,890
1698,890
1699,890
1700,890
1701,890
1702,890
1703,890
1704,890
1705,890
1706,890
1707,890
1708,890
1709,890
1710,890
1711,890
1712,890
1713,890
1714,890
1715,890
1716,890
1717,890
1718,890
1719,890
1720,890
1721,890
1722,890
1723,890
1724,890
1725,890
1726,890
1727,899
1728,899
1729,899
1730,899
1731,899
1732,899
1733,899
1734,899
1735,899
1736,899
1737,899
1738,899
1739,903
1740,903
1741,903
1742,903
1743,903
1744,903
1745,903
1746,903
1747,903
1748,903
1749,903
1750,903
1751,903
1752,903
1753,903
1754,903
1755,903
1756,903
1757,903
1758,903
1759,903
1760,903
1761,903
1762,903
1763,903
1764,903
1765,903
1766,903
1767,903
1768,903
1769,903
1770,903
1771,903
1772,903
1773,903
1774,903
1775,903
1776,903
1777,903
1778,903
1779,903
1780,903
1781,903
1782,903
1783,903
1784,903
1785,903
1786,903
1787,903
1788,903
1789,903
1790,903
1791,903
1792,903
1793,903
1794,903
1795,903
1796,903
1797,903
1798,903
1799,903
1800,903
1801,903
1802,903
1803,903
1804,913
1805,913
1806,913
1807,913
1808,913
1809,913
1810,913
1811,913
1812,913
1813,913
1814,913
1815,913
1816,913
1817,913
1818,913
1819,913
1820,913
1821,913
1822,913
1823,913
1824,913
1825,913
1826,913
1827,913
1828,913
1829,913
1830,913
1831,913
1832,913
1833,913
1834,913
1835,913
1836,913
1837,913
1838,913
1839,913
1840,913
1841,913
1842,913
1843,913
1844,913
1845,913
1846,913
1847,913
1848,913
1849,913
1850,913
1851,913
1852,914
1853,914
1854,914
1855,914
1856,914
1857,914
1858,914
1859,914
1860,914
1861,914
1862,914
1863,914
1864,914
1865,914
1866,914
1867,914
1868,914
1869,914
1870,914
1871,914
1872,914
1873,914
1874,914
1875,914
1876,914
1877,914
1878,915
1879,917
1880,917
1881,917
1882,917
1883,917
1884,917
1885,917
1886,917
1887,917
1888,917
1889,917
1890,917
1891,917
1892,917
1893,917
1894,917
1895,917
1896,917
1897,917
1898,920
1899,920
1900,920
1901,920
1902,920
1903,920
1904,920
1905,920
1906,920
1907,920
1908,920
1909,920
1910,920
1911,920
1912,920
1913,920
1914,920
1915,920
1916,920
1917,920
1918,920
1919,920
1920,920
1921,920
1922,920
1923,920
1924,920
1925,920
1926,920
1927,920
1928,920
1929,920
1930,920
1931,920
1932,920
1933,920
1934,920
1935,920
1936,920
1937,920
1938,920
1939,920
1940,920
1941,920
1942,920
1943,931
1944,931
1945,931
1946,931
1947,931
1948,931
1949,931
1950,931
1951,931
1952,931
1953,931
1954,931
1955,931
1956,931
1957,931
1958,931
1959,931
1960,937
1961,939
1962,939
1963,939
1964,939
1965,942
1966,942
1967,942
1968,942
1969,942
1970,942
1971,942
1972,942
1973,942
1974,942
1975,942
1976,942
1977,942
1978,942
1979,942
1980,942
1981,942
1982,942
1983,942
1984,942
1985,942
1986,942
1987,942
1988,942
1989,944
1990,944
1991,944
1992,944
1993,985
1994,985
1995,985
1996,985
1997,985
1998,985
1999,985
2000,985
2001,985
2002,985
2003,985
2004,985
2005,985
2006,999
2007,999
2008,999
2009,999
2010,999
2011,999
2012,999
2013,999
2014,999
2015,999
2016,999
2017,999
2018,999
2019,999
2020,999
2021,999
2022,999
2023,999
2024,999
2025,999
2026,999
2027,999
2028,999
2029,999
2030,999
2031,999
2032,999
2033,999
2034,999
2035,999
2036,999
2037,999
2038,999
2039,999
2040,999
2041,999
2042,999
2043,1012
2044,1012
2045,1012
2046,1012
2047,1012
2048,1012
2049,1012
2050,1012
2051,1012
2052,1012
2053,1012
2054,1012
2055,1012
2056,1012
2057,1012
2058,1012
2059,1012
2060,1012
2061,1012
2062,1012
2063,1012
2064,1012
2065,1015
2066,1015
2067,1015
2068,1015
2069,1015
2070,1015
2071,1015
2072,1015
2073,1015
2074,1015
2075,1015
2076,1015
2077,1015
2078,1015
2079,1015
2080,1015
2081,1015
2082,1015
2083,1015
2084,1015
2085,1015
2086,1015
2087,1015
2088,1015
2089,1015
2090,1015
2091,1015
2092,1015
2093,1015
2094,1015
2095,1015
2096,1017
2097,1017
2098,1017
2099,1017
2100,1017
2101,1017
2102,1017
2103,1017
2104,1017
2105,1017
2106,1017
2107,1017
2108,1017
2109,1017
2110,1017
2111,1017
2112,1017
2113,1017
2114,1017
2115,1017
2116,1017
2117,1017
2118,1017
2119,1017
2120,1017
2121,1017
2122,1017
2123,1017
2124,1017
2125,1017
2126,1017
2127,1017
2128,1017
2129,1017
2130,1017
2131,1017
2132,1017
2133,1017
2134,1017
2135,1017
2136,1017
2137,1017
2138,1017
2139,1017
2140,1017
2141,1017
2142,1017
2143,1017
2144,1017
2145,1017
2146,1017
2147,1017
2148,1017
2149,1017
2150,1017
2151,1017
2152,1017
2153,1017
2154,1017
2155,1017
2156,1017
2157,1017
2158,1017
2159,1017
2160,1017
2161,1017
2162,1017
2163,1017
2164,1017
2165,1017
2166,1017
2167,1017
2168,1017
2169,1017
2170,1017
2171,1017
2172,1017
2173,1017
2174,1017
2175,1020
2176,1020
2177,1020
2178,1020
2179,1020
2180,1020
2181,1020
2182,1020
2183,1020
2184,1020
2185,1020
2186,1020
2187,1020
2188,1020
2189,1020
2190,1020
2191,1020
2192,1020
2193,1020
2194,1020
2195,1020
2196,1020
2197,1020
2198,1020
2199,1020
2200,1020
2201,1020
2202,1020
2203,1020
2204,1020
2205,1020
2206,1020
2207,1020
2208,1020
2209,1020
2210,1020
2211,1020
2212,1020
2213,1020
2214,1020
2215,1020
2216,1020
2217,1020
2218,1020
2219,1020
2220,1020
2221,1020
2222,1020
2223,1020
2224,1020
2225,1020
2226,1020
2227,1020
2228,1020
2229,1020
2230,1020
2231,1020
2232,1020
2233,1020
2234,1020
2235,1020
2236,1020
2237,1020
2238,1020
2239,1020
2240,1020
2241,1020
2242,1020
2243,1020
2244,1020
2245,1020
2246,1020
2247,1020
2248,1020
2249,1020
2250,1021
2251,1021
2252,1021
2253,1021
2254,1021
2255,1021
2256,1021
2257,1021
2258,1021
2259,1021
2260,1053
2261,1053
2262,1053
2263,1053
2264,1053
2265,1053
2266,1053
2267,1053
2268,1053
2269,1053
2270,1053
2271,1057
2272,1062
2273,1062
2274,1062
2275,1062
2276,1062
2277,1062
2278,1062
2279,1062
2280,1062
2281,1062
2282,1062
2283,1062
2284,1062
2285,1062
2286,1062
2287,1062
2288,1062
2289,1062
2290,1062
2291,1062
2292,1062
2293,1062
2294,1062
2295,1062
2296,1062
2297,1062
2298,1062
2299,1062
2300,1062
2301,1062
2302,1062
2303,1062
2304,1062
2305,1076
2306,1076
2307,1076
2308,1076
2309,1076
2310,1076
2311,1077
2312,1077
2313,1077
2314,1077
2315,1077
2316,1077
2317,1077
2318,1077
2319,1077
2320,1077
2321,1077
2322,1077
2323,1077
2324,1077
2325,1077
2326,1077
2327,1081
2328,1081
2329,1081
2330,1081
2331,1081
2332,1081
2333,1081
2334,1081
2335,1081
2336,1081
2337,1081
2338,1081
2339,1081
2340,1081
2341,1081
2342,1081
2343,1081
2344,1086
2345,1086
2346,1086
2347,1086
2348,1091
2349,1091
2350,1091
2351,1091
2352,1091
2353,1091
2354,1091
2355,1091
2356,1091
2357,1091
2358,1091
2359,1091
2360,1091
2361,1091
2362,1091
2363,1091
2364,1091
2365,1091
2366,1091
2367,1091
2368,1091
2369,1091
2370,1091
2371,1091
2372,1091
2373,1091
2374,1091
2375,1091
2376,1091
2377,1091
2378,1091
2379,1091
2380,1091
2381,1091
2382,1091
2383,1129
2384,1129
2385,1129
2386,1129
2387,1129
2388,1129
2389,1129
2390,1129
2391,1129
2392,1129
2393,1129
2394,1129
2395,1129
2396,1129
2397,1129
2398,1129
2399,1129
2400,1129
2401,1129
2402,1129
2403,1129
2404,1129
2405,1135
2406,1135
2407,1135
2408,1135
2409,1135
2410,1135
2411,1135
2412,1135
2413,1135
2414,1135
2415,1135
2416,1135
2417,1135
2418,1135
2419,1149
2420,1149
2421,1149
2422,1149
2423,1151
2424,1151
2425,1151
2426,1151
2427,1165
2428,1176
2429,1176
2430,1176
2431,1176
2432,1176
2433,1176
2434,1176
2435,1176
2436,1176
2437,1176
2438,1176
2439,1176
2440,1176
2441,1176
2442,1176
2443,1176
2444,1180
2445,1180
2446,1180
2447,1180
2448,1180
2449,1180
2450,1180
2451,1180
2452,1181
2453,1181
2454,1181
2455,1181
2456,1181
2457,1181
2458,1181
2459,1181
2460,1181
2461,1181
2462,1181
2463,1181
2464,1181
2465,1181
2466,1181
2467,1181
2468,1181
2469,1181
2470,1181
2471,1181
2472,1181
2473,1181
2474,1181
2475,1181
2476,1181
2477,1181
2478,1181
2479,1181
2480,1181
2481,1182
2482,1182
2483,1182
2484,1182
2485,1182
2486,1182
2487,1182
2488,1182
2489,1182
2490,1182
2491,1182
2492,1182
2493,1182
2494,1182
2495,1182
2496,1182
2497,1182
2498,1182
2499,1182
2500,1182
2501,1182
2502,1182
2503,1182
2504,1185
2505,1185
2506,1185
2507,1185
2508,1185
2509,1185
2510,1203
2511,1203
2512,1203
2513,1203
2514,1203
2515,1203
2516,1221
2517,1221
2518,1221
2519,1221
2520,1221
2521,1221
2522,1221
2523,1221
2524,1221
2525,1221
2526,1221
2527,1221
2528,1221
2529,1221
2530,1221
2531,1221
2532,1221
2533,1221
2534,1221
2535,1221
2536,1221
2537,1221
2538,1221
2539,1221
2540,1224
2541,1224
2542,1224
2543,1224
2544,1224
2545,1224
2546,1224
2547,1224
2548,1224
2549,1224
2550,1224
2551,1224
2552,1224
2553,1224
2554,1224
2555,1224
2556,1224
2557,1224
2558,1224
2559,1224
2560,1224
2561,1224
2562,1224
2563,1224
2564,1224
2565,1224
2566,1224
2567,1224
2568,1224
2569,1224
2570,1224
2571,1224
2572,1224
2573,1224
2574,1224
2575,1224
2576,1224
2577,1224
2578,1224
2579,1224
2580,1229
2581,1229
2582,1229
2583,1229
2584,1229
2585,1229
2586,1229
2587,1229
2588,1229
2589,1229
2590,1229
2591,1230
2592,1230
2593,1230
2594,1230
2595,1230
2596,1230
2597,1230
2598,1230
2599,1230
2600,1230
2601,1230
2602,1230
2603,1230
2604,1230
2605,1230
2606,1230
2607,1230
2608,1230
2609,1230
2610,1230
2611,1230
2612,1230
2613,1230
2614,1230
2615,1230
2616,1230
2617,1230
2618,1230
2619,1230
2620,1230
2621,1230
2622,1230
2623,1230
2624,1230
2625,1230
2626,1230
2627,1230
2628,1230
2629,1230
2630,1230
2631,1230
2632,1230
2633,1230
2634,1230
2635,1230
2636,1230
2637,1230
2638,1230
2639,1230
2640,1230
2641,1230
2642,1230
2643,1230
2644,1230
2645,1230
2646,1230
2647,1230
2648,1230
2649,1230
2650,1230
2651,1230
2652,1230
2653,1230
2654,1230
2655,1230
2656,1230
2657,1230
2658,1230
2659,1230
2660,1230
2661,1230
2662,1230
2663,1230
2664,1230
2665,1230
2666,1230
2667,1230
2668,1230
2669,1230
2670,1230
2671,1230
2672,1230
2673,1230
2674,1230
2675,1230
2676,1230
2677,1230
2678,1230
2679,1230
2680,1230
2681,1230
2682,1230
2683,1230
2684,1230
2685,1230
2686,1230
2687,1230
2688,1230
2689,1230
2690,1230
2691,1230
2692,1230
2693,1230
2694,1230
2695,1230
2696,1230
2697,1230
2698,1230
2699,1230
2700,1230
2701,1230
2702,1230
2703,1230
2704,1230
2705,1248
2706,1248
2707,1248
2708,1248
2709,1248
2710,1248
2711,1248
2712,1248
2713,1248
2714,1248
2715,1248
2716,1248
2717,1248
2718,1251
2719,1251
2720,1251
2721,1251
2722,1251
2723,1251
2724,1251
2725,1251
2726,1251
2727,1251
2728,1251
2729,1251
2730,1251
2731,1251
2732,1251
2733,1251
2734,1251
2735,1251
2736,1251
2737,1251
2738,1251
2739,1251
2740,1251
2741,1251
2742,1251
2743,1251
2744,1251
2745,1251
2746,1251
2747,1251
2748,1251
2749,1251
2750,1251
2751,1251
2752,1251
2753,1251
2754,1251
2755,1251
2756,1251
2757,1251
2758,1251
2759,1251
2760,1251
2761,1254
2762,1254
2763,1254
2764,1254
2765,1254
2766,1254
2767,1267
2768,1271
2769,1271
2770,1271
2771,1271
2772,1271
2773,1271
2774,1271
2775,1271
2776,1271
2777,1271
2778,1271
2779,1271
2780,1271
2781,1271
2782,1271
2783,1271
2784,1271
2785,1271
2786,1271
2787,1271
2788,1271
2789,1271
2790,1272
2791,1272
2792,1272
2793,1272
2794,1272
2795,1272
2796,1272
2797,1276
2798,1276
2799,1276
2800,1276
2801,1276
2802,1276
2803,1276
2804,1276
2805,1276
2806,1276
2807,1276
2808,1276
2809,1276
2810,1276
2811,1276
2812,1276
2813,1276
2814,1276
2815,1276
2816,1276
2817,1276
2818,1276
2819,1276
2820,1276
2821,1276
2822,1276
2823,1276
2824,1276
2825,1276
2826,1276
2827,1276
2828,1276
2829,1276
2830,1276
2831,1276
2832,1276
2833,1276
2834,1276
2835,1276
2836,1276
2837,1276
2838,1276
2839,1276
2840,1276
2841,1276
2842,1276
2843,1276
2844,1276
2845,1276
2846,1276
2847,1276
2848,1276
2849,1276
2850,1276
2851,1276
2852,1276
2853,1276
2854,1276
2855,1276
2856,1276
2857,1276
2858,1276
2859,1276
2860,1276
2861,1276
2862,1276
2863,1276
2864,1276
2865,1276
2866,1276
2867,1277
2868,1277
2869,1277
2870,1277
2871,1277
2872,1277
2873,1277
2874,1280
2875,1280
2876,1280
2877,1280
2878,1280
2879,1308
2880,1308
2881,1308
2882,1310
2883,1310
2884,1310
2885,1310
2886,1310
2887,1310
2888,1326
2889,1326
2890,1326
2891,1326
2892,1326
2893,1326
2894,1326
2895,1326
2896,1326
2897,1326
2898,1326
2899,1326
2900,1326
2901,1326
2902,1326
2903,1326
2904,1326
2905,1326
2906,1326
2907,1326
2908,1326
2909,1326
2910,1326
2911,1326
2912,1326
2913,1326
2914,1326
2915,1326
2916,1326
2917,1326
2918,1326
2919,1326
2920,1326
2921,1326
2922,1326
2923,1326
2924,1326
2925,1326
2926,1326
2927,1326
2928,1326
2929,1326
2930,1326
2931,1326
2932,1326
2933,1326
2934,1326
2935,1326
2936,1326
2937,1326
2938,1326
2939,1326
2940,1327
2941,1327
2942,1327
2943,1327
2944,1327
2945,1327
2946,1327
2947,1327
2948,1327
2949,1327
2950,1327
2951,1327
2952,1327
2953,1327
2954,1327
2955,1327
2956,1327
2957,1365
2958,1367
2959,1367
2960,1367
2961,1375
2962,1375
2963,1375
2964,1375
2965,1375
2966,1375
2967,1375
2968,1375
2969,1375
2970,1375
2971,1375
2972,1375
2973,1375
2974,1375
2975,1375
2976,1375
2977,1375
2978,1375
2979,1375
2980,1375
2981,1375
2982,1375
2983,1375
2984,1375
2985,1375
2986,1375
2987,1375
2988,1375
2989,1375
2990,1375
2991,1376
2992,1397
2993,1397
2994,1397
2995,1397
2996,1397
2997,1397
2998,1397
2999,1397
3000,1397
3001,1397
3002,1397
3003,1397
3004,1401
3005,1401
3006,1401
3007,1401
3008,1401
3009,1401
3010,1401
3011,1401
3012,1401
3013,1401
3014,1401
3015,1401
3016,1401
3017,1401
3018,1415
3019,1415
3020,1415
3021,1415
3022,1415
3023,1415
3024,1415
3025,1415
3026,1415
3027,1415
3028,1415
3029,1416
3030,1416
3031,1416
3032,1418
3033,1418
3034,1418
3035,1418
3036,1418
3037,1418
3038,1418
3039,1418
3040,1418
3041,1418
3042,1418
3043,1418
3044,1418
3045,1418
3046,1418
3047,1418
3048,1427
3049,1427
3050,1427
3051,1427
3052,1427
3053,1427
3054,1427
3055,1427
3056,1427
3057,1427
3058,1427
3059,1427
3060,1427
3061,1427
3062,1427
3063,1427
3064,1427
3065,1427
3066,1446
3067,1446
3068,1446
3069,1446
3070,1446
3071,1500
3072,1500
3073,1500
3074,1500
3075,1500
3076,1500
3077,1500
3078,1500
3079,1500
3080,1500
3081,1500
3082,1501
3083,1501
3084,1501
3085,1501
3086,1501
3087,1501
3088,1501
3089,1501
3090,1501
3091,1501
3092,1501
3093,1502
3094,1502
3095,1502
3096,1502
3097,1502
3098,1502
3099,1502
3100,1502
3101,1502
3102,1552
3103,1552
3104,1552
3105,1552
3106,1552
3107,1552
3108,1552
3109,1552
3110,1552
3111,1552
3112,1552
3113,1552
3114,1552
3115,1552
3116,1552
3117,1552
3118,1552
3119,1552
3120,1552
3121,1552
3122,1552
3123,1552
3124,1552
3125,1552
3126,1552
3127,1552
3128,1552
3129,1552
3130,1552
3131,1552
3132,1552
3133,1552
3134,1575
3135,1575
3136,1575
3137,1575
3138,1575
3139,1575
3140,1575
3141,1575
3142,1575
3143,1575
3144,1575
3145,1575
3146,1575
3147,1575
3148,1575
3149,1575
3150,1575
3151,1575
3152,1584
3153,1584
3154,1584
3155,1585
3156,1585
3157,1585
3158,1585
3159,1585
3160,1585
3161,1585
3162,1585
3163,1585
3164,1585
3165,1585
3166,1585
3167,1585
3168,1585
3169,1585
3170,1585
3171,1585
3172,1585
3173,1585
3174,1585
3175,1585
3176,1585
3177,1585
3178,1585
3179,1585
3180,1585
3181,1585
3182,1585
3183,1585
3184,1585
3185,1585
3186,1585
3187,1585
3188,1585
3189,1585
3190,1585
3191,1585
3192,1585
3193,1585
3194,1585
3195,1585
3196,1585
3197,1588
3198,1590
3199,1590
3200,1590
3201,1590
3202,1590
3203,1590
3204,1590
3205,1590
3206,1590
3207,1590
3208,1590
3209,1590
3210,1590
3211,1590
3212,1590
3213,1590
3214,1590
3215,1590
3216,1590
3217,1590
3218,1590
3219,1602
3220,1602
3221,1602
3222,1602
3223,1602
3224,1602
3225,1602
3226,1602
3227,1602
3228,1602
3229,1602
3230,1602
3231,1602
3232,1602
3233,1602
3234,1602
3235,1602
3236,1602
3237,1602
3238,1602
3239,1602
3240,1602
3241,1602
3242,1602
3243,1602
3244,1602
3245,1602
3246,1602
3247,1602
3248,1602
3249,1602
3250,1602
3251,1602
3252,1602
3253,1602
3254,1602
3255,1602
3256,1602
3257,1602
3258,1602
3259,1602
3260,1602
3261,1602
3262,1602
3263,1602
3264,1602
3265,1602
3266,1602
3267,1602
3268,1602
3269,1602
3270,1602
3271,1602
3272,1606
3273,1606
3274,1606
3275,1606
3276,1606
3277,1606
3278,1606
3279,1606
3280,1606
3281,1606
3282,1606
3283,1606
3284,1606
3285,1606
3286,1606
3287,1606
3288,1606
3289,1606
3290,1606
3291,1606
3292,1606
3293,1606
3294,1606
3295,1606
3296,1606
3297,1606
3298,1606
3299,1606
3300,1606
3301,1606
3302,1606
3303,1606
3304,1606
3305,1606
3306,1606
3307,1607
3308,1607
3309,1607
3310,1607
3311,1607
3312,1607
3313,1607
3314,1607
3315,1607
3316,1607
3317,1607
3318,1607
3319,1607
3320,1607
3321,1607
3322,1607
3323,1607
3324,1607
3325,1607
3326,1607
3327,1607
3328,1607
3329,1607
3330,1607
3331,1607
3332,1607
3333,1607
3334,1607
3335,1607
3336,1607
3337,1607
3338,1607
3339,1607
3340,1607
3341,1607
3342,1607
3343,1607
3344,1607
3345,1607
3346,1607
3347,1607
3348,1607
3349,1607
3350,1607
3351,1607
3352,1607
3353,1607
3354,1609
3355,1609
3356,1609
3357,1609
3358,1609
3359,1609
3360,1609
3361,1609
3362,1609
3363,1609
3364,1609
3365,1609
3366,1609
3367,1609
3368,1609
3369,1609
3370,1609
3371,1609
3372,1611
3373,1611
3374,1611
3375,1611
3376,1611
3377,1611
3378,1611
3379,1611
3380,1611
3381,1611
3382,1611
3383,1611
3384,1611
3385,1611
3386,1611
3387,1611
3388,1611
3389,1611
3390,1611
3391,1611
3392,1611
3393,1611
3394,1611
3395,1611
3396,1611
3397,1611
3398,1611
3399,1611
3400,1611
3401,1611
3402,1611
3403,1611
3404,1613
3405,1613
3406,1613
3407,1613
3408,1613
3409,1613
3410,1613
3411,1613
3412,1613
3413,1613
3414,1613
3415,1613
3416,1613
3417,1615
3418,1615
3419,1615
3420,1615
3421,1615
3422,1615
3423,1615
3424,1615
3425,1615
3426,1615
3427,1615
3428,1621
3429,1621
3430,1621
3431,1621
3432,1621
3433,1621
3434,1621
3435,1621
3436,1621
3437,1621
3438,1621
3439,1621
3440,1621
3441,1621
3442,1621
3443,1621
3444,1621
3445,1623
3446,1623
3447,1623
3448,1623
3449,1623
3450,1623
3451,1623
3452,1623
3453,1623
3454,1623
3455,1623
3456,1623
3457,1623
3458,1623
3459,1623
3460,1623
3461,1623
3462,1623
3463,1623
3464,1628
3465,1628
3466,1628
3467,1630
3468,1630
3469,1630
3470,1630
3471,1630
3472,1630
3473,1630
3474,1630
3475,1630
3476,1630
3477,1630
3478,1630
3479,1630
3480,1630
3481,1630
3482,1630
3483,1630
3484,1630
3485,1630
3486,1630
3487,1630
3488,1630
3489,1630
3490,1630
3491,1630
3492,1630
3493,1630
3494,1630
3495,1630
3496,1630
3497,1630
3498,1630
3499,1630
3500,1630
3501,1630
3502,1630
3503,1630
3504,1630
3505,1630
3506,1630
3507,1630
3508,1630
3509,1630
3510,1630
3511,1630
3512,1630
3513,1630
3514,1630
3515,1631
3516,1631
3517,1631
3518,1631
3519,1631
3520,1631
3521,1631
3522,1631
3523,1631
3524,1631
3525,1631
3526,1631
3527,1631
3528,1631
3529,1631
3530,1631
3531,1631
3532,1631
3533,1639
3534,1639
3535,1639
3536,1639
3537,1639
3538,1639
3539,1639
3540,1639
3541,1639
3542,1639
3543,1639
3544,1639
3545,1639
3546,1639
3547,1639
3548,1639
3549,1639
3550,1639
3551,1639
3552,1639
3553,1639
3554,1640
3555,1640
3556,1640
3557,1640
3558,1640
3559,1640
3560,1640
3561,1640
3562,1640
3563,1640
3564,1640
3565,1640
3566,1640
3567,1640
3568,1640
3569,1640
3570,1640
3571,1640
3572,1655
3573,1655
3574,1655
3575,1655
3576,1655
3577,1655
3578,1655
3579,1655
3580,1655
3581,1655
3582,1655
3583,1657
3584,1657
3585,1657
3586,1657
3587,1657
3588,1657
3589,1657
3590,1657
3591,1657
3592,1657
3593,1657
3594,1657
3595,1657
3596,1657
3597,1657
3598,1657
3599,1657
3600,1657
3601,1657
3602,1657
3603,1657
3604,1657
3605,1657
3606,1657
3607,1657
3608,1657
3609,1657
3610,1657
3611,1657
3612,1658
3613,1663
3614,1663
3615,1663
3616,1663
3617,1663
3618,1663
3619,1663
3620,1663
3621,1663
3622,1663
3623,1663
3624,1663
3625,1663
3626,1663
3627,1663
3628,1663
3629,1663
3630,1663
3631,1663
3632,1663
3633,1663
3634,1663
3635,1663
3636,1663
3637,1663
3638,1663
3639,1663
3640,1663
3641,1663
3642,1663
3643,1663
3644,1663
3645,1663
3646,1663
3647,1663
3648,1663
3649,1663
3650,1663
3651,1663
3652,1663
3653,1669
3654,1669
3655,1669
3656,1669
3657,1669
3658,1669
3659,1669
3660,1669
3661,1669
3662,1669
3663,1669
3664,1669
3665,1669
3666,1669
3667,1669
3668,1669
3669,1669
3670,1669
3671,1669
3672,1669
3673,1669
3674,1669
3675,1669
3676,1669
3677,1669
3678,1669
3679,1672
3680,1672
3681,1672
3682,1672
3683,1672
3684,1672
3685,1672
3686,1672
3687,1672
3688,1672
3689,1672
3690,1672
3691,1672
3692,1672
3693,1677
3694,1677
3695,1677
3696,1677
3697,1677
3698,1677
3699,1677
3700,1677
3701,1677
3702,1677
3703,1677
3704,1677
3705,1677
3706,1678
3707,1678
3708,1678
3709,1678
3710,1678
3711,1678
3712,1678
3713,1678
3714,1678
3715,1678
3716,1678
3717,1678
3718,1678
3719,1678
3720,1678
3721,1678
3722,1678
3723,1678
3724,1678
3725,1678
3726,1678
3727,1678
3728,1678
3729,1683
3730,1683
3731,1683
3732,1683
3733,1683
3734,1683
3735,1683
3736,1683
3737,1683
3738,1683
3739,1683
3740,1683
3741,1683
3742,1683
3743,1683
3744,1683
3745,1683
3746,1683
3747,1683
3748,1683
3749,1683
3750,1683
3751,1683
3752,1683
3753,1683
3754,1683
3755,1683
3756,1683
3757,1683
3758,1683
3759,1683
3760,1683
3761,1683
3762,1683
3763,1683
3764,1683
3765,1683
3766,1683
3767,1683
3768,1683
3769,1684
3770,1684
3771,1684
3772,1684
3773,1684
3774,1684
3775,1684
3776,1684
3777,1699
3778,1699
3779,1699
3780,1699
3781,1699
3782,1699
3783,1699
3784,1699
3785,1699
3786,1699
3787,1699
3788,1699
3789,1699
3790,1699
3791,1699
3792,1699
3793,1699
3794,1699
3795,1699
3796,1699
3797,1699
3798,1699
3799,1699
3800,1699
3801,1699
3802,1699
3803,1699
3804,1699
3805,1699
3806,1699
3807,1699
3808,1699
3809,1699
3810,1699
3811,1701
3812,1701
3813,1701
3814,1701
3815,1701
3816,1701
3817,1701
3818,1701
3819,1701
3820,1701
3821,1701
3822,1701
3823,1701
3824,1701
3825,1701
3826,1701
3827,1701
3828,1701
3829,1708
3830,1708
3831,1708
3832,1708
3833,1708
3834,1708
3835,1708
3836,1708
3837,1708
3838,1708
3839,1708
3840,1708
3841,1708
3842,1708
3843,1708
3844,1708
3845,1708
3846,1708
3847,1708
3848,1708
3849,1708
3850,1708
3851,1708
3852,1708
3853,1708
3854,1708
3855,1708
3856,1708
3857,1708
3858,1708
3859,1708
3860,1715
3861,1715
3862,1715
3863,1715
3864,1715
3865,1715
3866,1715
3867,1715
3868,1715
3869,1715
3870,1715
3871,1715
3872,1715
3873,1715
3874,1715
3875,1715
3876,1715
3877,1715
3878,1715
3879,1715
3880,1715
3881,1715
3882,1715
3883,1715
3884,1715
3885,1715
3886,1715
3887,1715
3888,1715
3889,1718
3890,1718
3891,1718
3892,1718
3893,1718
3894,1718
3895,1718
3896,1718
3897,1718
3898,1718
3899,1718
3900,1718
3901,1718
3902,1718
3903,1718
3904,1718
3905,1718
3906,1718
3907,1718
3908,1718
3909,1718
3910,1718
3911,1718
3912,1718
3913,1718
3914,1718
3915,1718
3916,1718
3917,1720
3918,1720
3919,1720
3920,1720
3921,1720
3922,1720
3923,1720
3924,1720
3925,1720
3926,1720
3927,1720
3928,1720
3929,1720
3930,1720
3931,1720
3932,1720
3933,1720
3934,1720
3935,1720
3936,1738
3937,1738
3938,1738
3939,1738
3940,1740
3941,1740
3942,1740
3943,1740
3944,1740
3945,1740
3946,1740
3947,1740
3948,1740
3949,1740
3950,1740
3951,1740
3952,1740
3953,1740
3954,1740
3955,1740
3956,1740
3957,1740
3958,1740
3959,1740
3960,1740
3961,1740
3962,1740
3963,1740
3964,1740
3965,1740
3966,1740
3967,1740
3968,1740
3969,1740
3970,1740
3971,1740
3972,1740
3973,1740
3974,1740
3975,1740
3976,1740
3977,1740
3978,1740
3979,1740
3980,1740
3981,1740
3982,1740
3983,1740
3984,1740
3985,1740
3986,1740
3987,1748
3988,1748
3989,1748
3990,1748
3991,1748
3992,1748
3993,1748
3994,1748
3995,1748
3996,1748
3997,1748
3998,1748
3999,1748
4000,1748
4001,1748
4002,1748
4003,1748
4004,1748
4005,1748
4006,1748
4007,1748
4008,1748
4009,1748
4010,1748
4011,1748
4012,1748
4013,1748
4014,1748
4015,1748
4016,1748
4017,1748
4018,1748
4019,1748
4020,1748
4021,1748
4022,1748
4023,1748
4024,1753
4025,1753
4026,1753
4027,1753
4028,1753
4029,1753
4030,1753
4031,1753
4032,1753
4033,1753
4034,1753
4035,1753
4036,1753
4037,1753
4038,1753
4039,1753
4040,1753
4041,1753
4042,1753
4043,1753
4044,1753
4045,1753
4046,1753
4047,1753
4048,1753
4049,1753
4050,1753
4051,1753
4052,1753
4053,1753
4054,1753
4055,1753
4056,1753
4057,1756
4058,1756
4059,1756
4060,1756
4061,1756
4062,1756
4063,1756
4064,1756
4065,1756
4066,1756
4067,1756
4068,1756
4069,1756
4070,1756
4071,1756
4072,1756
4073,1756
4074,1756
4075,1756
4076,1756
4077,1756
4078,1756
4079,1756
4080,1756
4081,1756
4082,1764
4083,1764
4084,1764
4085,1764
4086,1764
4087,1764
4088,1764
4089,1764
4090,1764
4091,1764
4092,1764
4093,1764
4094,1764
4095,1764
4096,1764
4097,1764
4098,1764
4099,1764
4100,1764
4101,1764
4102,1764
4103,1764
4104,1764
4105,1764
4106,1764
4107,1764
4108,1764
4109,1764
4110,1764
4111,1764
4112,1764
4113,1764
4114,1764
4115,1764
4116,1769
4117,1769
4118,1769
4119,1769
4120,1769
4121,1769
4122,1769
4123,1785
4124,1785
4125,1785
4126,1785
4127,1785
4128,1785
4129,1785
4130,1785
4131,1785
4132,1785
4133,1785
4134,1785
4135,1785
4136,1785
4137,1785
4138,1785
4139,1785
4140,1785
4141,1785
4142,1785
4143,1785
4144,1785
4145,1785
4146,1785
4147,1785
4148,1785
4149,1785
4150,1785
4151,1785
4152,1785
4153,1785
4154,1785
4155,1785
4156,1785
4157,1785
4158,1785
4159,1785
4160,1785
4161,1785
4162,1785
4163,1785
4164,1785
4165,1785
4166,1785
4167,1785
4168,1785
4169,1785
4170,1785
4171,1785
4172,1785
4173,1785
4174,1785
4175,1785
4176,1785
4177,1785
4178,1785
4179,1785
4180,1785
4181,1785
4182,1785
4183,1785
4184,1785
4185,1785
4186,1785
4187,1785
4188,1785
4189,1785
4190,1785
4191,1785
4192,1785
4193,1785
4194,1819
4195,1819
4196,1819
4197,1819
4198,1821
4199,1821
4200,1821
4201,1821
4202,1821
4203,1821
4204,1821
4205,1821
4206,1821
4207,1821
4208,1821
4209,1821
4210,1821
4211,1821
4212,1824
4213,1824
4214,1824
4215,1824
4216,1824
4217,1824
4218,1824
4219,1824
4220,1824
4221,1824
4222,1824
4223,1824
4224,1824
4225,1824
4226,1824
4227,1824
4228,1824
4229,1824
4230,1824
4231,1824
4232,1824
4233,1824
4234,1826
4235,1826
4236,1826
4237,1826
4238,1826
4239,1826
4240,1826
4241,1826
4242,1826
4243,1826
4244,1826
4245,1826
4246,1826
4247,1826
4248,1826
4249,1826
4250,1826
4251,1826
4252,1826
4253,1826
4254,1826
4255,1826
4256,1826
4257,1826
4258,1828
4259,1828
4260,1828
4261,1828
4262,1828
4263,1828
4264,1828
4265,1828
4266,1828
4267,1828
4268,1828
4269,1828
4270,1828
4271,1828
4272,1828
4273,1840
4274,1840
4275,1840
4276,1840
4277,1840
4278,1840
4279,1840
4280,1840
4281,1840
4282,1840
4283,1840
4284,1840
4285,1840
4286,1840
4287,1840
4288,1840
4289,1840
4290,1840
4291,1840
4292,1840
4293,1840
4294,1840
4295,1840
4296,1840
4297,1840
4298,1840
4299,1840
4300,1840
4301,1840
4302,1840
4303,1840
4304,1840
4305,1840
4306,1840
4307,1840
4308,1840
4309,1840
4310,1840
4311,1840
4312,1840
4313,1840
4314,1840
4315,1840
4316,1840
4317,1840
4318,1840
4319,1840
4320,1840
4321,1840
4322,1840
4323,1840
4324,1840
4325,1840
4326,1840
4327,1840
4328,1840
4329,1840
4330,1840
4331,1840
4332,1842
4333,1842
4334,1842
4335,1842
4336,1842
4337,1842
4338,1842
4339,1842
4340,1842
4341,1842
4342,1842
4343,1842
4344,1842
4345,1842
4346,1842
4347,1842
4348,1842
4349,1842
4350,1842
4351,1842
4352,1842
4353,1842
4354,1842
4355,1842
4356,1842
4357,1842
4358,1842
4359,1842
4360,1842
4361,1842
4362,1842
4363,1842
4364,1842
4365,1842
4366,1842
4367,1842
4368,1842
4369,1842
4370,1842
4371,1842
4372,1842
4373,1842
4374,1842
4375,1842
4376,1842
4377,1842
4378,1842
4379,1842
4380,1842
4381,1842
4382,1842
4383,1842
4384,1842
4385,1842
4386,1842
4387,1842
4388,1842
4389,1842
4390,1842
4391,1842
4392,1842
4393,1842
4394,1842
4395,1842
4396,1842
4397,1842
4398,1842
4399,1842
4400,1842
4401,1865
4402,1865
4403,1865
4404,1865
4405,1865
4406,1865
4407,1865
4408,1865
4409,1865
4410,1865
4411,1865
4412,1865
4413,1865
4414,1865
4415,1865
4416,1865
4417,1865
4418,1865
4419,1865
4420,1865
4421,1865
4422,1865
4423,1865
4424,1865
4425,1865
4426,1865
4427,1865
4428,1865
4429,1865
4430,1865
4431,1865
4432,1865
4433,1865
4434,1865
4435,1865
4436,1865
4437,1865
4438,1865
4439,1865
4440,1865
4441,1865
4442,1865
4443,1865
4444,1865
4445,1865
4446,1865
4447,1865
4448,1865
4449,1865
4450,1865
4451,1865
4452,1865
4453,1865
4454,1865
4455,1865
4456,1865
4457,1865
4458,1865
4459,1865
4460,1865
4461,1865
4462,1865
4463,1865
4464,1865
4465,1865
4466,1865
4467,1865
4468,1865
4469,1865
4470,1865
4471,1865
4472,1865
4473,1865
4474,1865
4475,1865
4476,1865
4477,1865
4478,1865
4479,1865
4480,1872
4481,1872
4482,1872
4483,1872
4484,1872
4485,1872
4486,1872
4487,1872
4488,1872
4489,1872
4490,1872
4491,1872
4492,1872
4493,1872
4494,1872
4495,1872
4496,1872
4497,1872
4498,1872
4499,1872
4500,1872
4501,1872
4502,1872
4503,1872
4504,1872
4505,1872
4506,1872
4507,1872
4508,1872
4509,1872
4510,1872
4511,1872
4512,1872
4513,1872
4514,1872
4515,1876
4516,1876
4517,1887
4518,1887
4519,1887
4520,1887
4521,1887
4522,1887
4523,1887
4524,1887
4525,1887
4526,1887
4527,1887
4528,1887
4529,1887
4530,1887
4531,1887
4532,1887
4533,1887
4534,1887
4535,1887
4536,1887
4537,1887
4538,1887
4539,1887
4540,1887
4541,1887
4542,1887
4543,1887
4544,1887
4545,1887
4546,1887
4547,1887
4548,1887
4549,1887
4550,1887
4551,1887
4552,1887
4553,1887
4554,1887
4555,1887
4556,1887
4557,1887
4558,1887
4559,1887
4560,1887
4561,1887
4562,1887
4563,1887
4564,1887
4565,1887
4566,1887
4567,1887
4568,1887
4569,1887
4570,1887
4571,1887
4572,1887
4573,1887
4574,1890
4575,1890
4576,1890
4577,1890
4578,1890
4579,1890
4580,1899
4581,1899
4582,1899
4583,1899
4584,1899
4585,1899
4586,1899
4587,1899
4588,1899
4589,1899
4590,1899
4591,1899
4592,1899
4593,1899
4594,1899
4595,1899
4596,1899
4597,1899
4598,1899
4599,1899
4600,1899
4601,1899
4602,1899
4603,1899
4604,1899
4605,1899
4606,1899
4607,1899
4608,1899
4609,1899
4610,1899
4611,1899
4612,1899
4613,1899
4614,1899
4615,1899
4616,1899
4617,1899
4618,1899
4619,1899
4620,1899
4621,1899
4622,1899
4623,1899
4624,1899
4625,1899
4626,1899
4627,1899
4628,1899
4629,1899
4630,1899
4631,1899
4632,1899
4633,1899
4634,1905
4635,1905
4636,1905
4637,1905
4638,1905
4639,1905
4640,1905
4641,1905
4642,1905
4643,1905
4644,1905
4645,1905
4646,1905
4647,1905
4648,1905
4649,1905
4650,1905
4651,1905
4652,1905
4653,1905
4654,1905
4655,1905
4656,1905
4657,1905
4658,1905
4659,1905
4660,1905
4661,1905
4662,1905
4663,1905
4664,1905
4665,1905
4666,1905
4667,1905
4668,1905
4669,1905
4670,1905
4671,1905
4672,1905
4673,1905
4674,1905
4675,1905
4676,1905
4677,1905
4678,1905
4679,1905
4680,1906
4681,1906
4682,1906
4683,1906
4684,1906
4685,1906
4686,1906
4687,1906
4688,1906
4689,1906
4690,1906
4691,1906
4692,1906
4693,1906
4694,1906
4695,1906
4696,1906
4697,1906
4698,1906
4699,1906
4700,1906
4701,1906
4702,1906
4703,1906
4704,1906
4705,1906
4706,1906
4707,1906
4708,1906
4709,1906
4710,1906
4711,1906
4712,1906
4713,1906
4714,1906
4715,1906
4716,1906
4717,1906
4718,1906
4719,1906
4720,1906
4721,1906
4722,1906
4723,1906
4724,1906
4725,1906
4726,1906
4727,1906
4728,1906
4729,1906
4730,1906
4731,1906
4732,1906
4733,1906
4734,1906
4735,1906
4736,1906
4737,1906
4738,1906
4739,1906
4740,1906
4741,1906
4742,1906
4743,1906
4744,1906
4745,1906
4746,1911
4747,1911
4748,1911
4749,1911
4750,1911
4751,1911
4752,1911
4753,1911
4754,1911
4755,1911
4756,1911
4757,1911
4758,1911
4759,1911
4760,1911
4761,1911
4762,1911
4763,1911
4764,1911
4765,1911
4766,1911
4767,1911
4768,1911
4769,1911
4770,1911
4771,1911
4772,1911
4773,1911
4774,1911
4775,1911
4776,1911
4777,1912
4778,1912
4779,1912
4780,1912
4781,1912
4782,1912
4783,1912
4784,1912
4785,1912
4786,1912
4787,1912
4788,1912
4789,1912
4790,1912
4791,1912
4792,1912
4793,1912
4794,1912
4795,1912
4796,1918
4797,1918
4798,1918
4799,1918
4800,1918
4801,1918
4802,1918
4803,1918
4804,1918
4805,1918
4806,1918
4807,1918
4808,1918
4809,1918
4810,1918
4811,1918
4812,1918
4813,1918
4814,1918
4815,1918
4816,1918
4817,1918
4818,1918
4819,1918
4820,1918
4821,1918
4822,1918
4823,1918
4824,1918
4825,1918
4826,1918
4827,1918
4828,1920
4829,1920
4830,1920
4831,1920
4832,1920
4833,1920
4834,1920
4835,1920
4836,1920
4837,1920
4838,1920
4839,1920
4840,1920
4841,1920
4842,1920
4843,1920
4844,1920
4845,1920
4846,1920
4847,1920
4848,1920
4849,1920
4850,1920
4851,1920
4852,1920
4853,1920
4854,1920
4855,1920
4856,1920
4857,1920
4858,1920
4859,1920
4860,1920
4861,1920
4862,1920
4863,1920
4864,1920
4865,1920
4866,1920
4867,1920
4868,1920
4869,1920
4870,1920
4871,1920
4872,1920
4873,1920
4874,1920
4875,1920
4876,1920
4877,1920
4878,1920
4879,1920
4880,1920
4881,1920
4882,1920
4883,1920
4884,1920
4885,1920
4886,1920
4887,1920
4888,1920
4889,1932
4890,1932
4891,1932
4892,1932
4893,1932
4894,1932
4895,1932
4896,1932
4897,1932
4898,1932
4899,1932
4900,1932
4901,1932
4902,1938
4903,1938
4904,1938
4905,1938
4906,1938
4907,1938
4908,1938
4909,1938
4910,1938
4911,1938
4912,1938
4913,1938
4914,1938
4915,1938
4916,1938
4917,1938
4918,1938
4919,1938
4920,1938
4921,1938
4922,1938
4923,1938
4924,1938
4925,1938
4926,1938
4927,1938
4928,1938
4929,1938
4930,1938
4931,1938
4932,1938
4933,1939
4934,1939
4935,1939
4936,1939
4937,1939
4938,1944
4939,1944
4940,1947
4941,1947
4942,1947
4943,1947
4944,1955
4945,1955
4946,1955
4947,1956
4948,1956
4949,1956
4950,1956
4951,1962
4952,1962
4953,1962
4954,1962
4955,1962
4956,1962
4957,1962
4958,1962
4959,1962
4960,1962
4961,1962
4962,1962
4963,1962
4964,1962
4965,1962
4966,1962
4967,1962
4968,1962
4969,1962
4970,1962
4971,1962
4972,1962
4973,1962
4974,1962
4975,1962
4976,1962
4977,1962
4978,1962
4979,1962
4980,1962
4981,1962
4982,1962
4983,1962
4984,1962
4985,1962
4986,1962
4987,1962
4988,1962
4989,1962
4990,1962
4991,1962
4992,1962
4993,1962
4994,1962
4995,1962
4996,1962
4997,1962
4998,1962
4999,1962
